{"products":[{"id":"0.15951657776799966","qty":3}],"totalPrice":5.969999999999984}